{"accuracy": [0.4359780550003052, 0.71875, 0.6218359470367432, 0.6875, 0.6879405379295349, 0.75, 0.7242470383644104, 0.765625, 0.7479574084281921, 0.828125, 0.7679629921913147, 0.75, 0.7801185250282288, 0.828125, 0.7909724712371826, 0.8125, 0.7999639511108398, 0.703125, 0.8093159198760986, 0.75, 0.814622700214386, 0.734375, 0.819889485836029, 0.875, 0.8220922946929932, 0.734375, 0.8305431008338928, 0.796875, 0.8315243721008301, 0.796875, 0.8346083164215088, 0.84375, 0.8374319076538086, 0.859375, 0.8405959606170654, 0.828125, 0.8694128394126892, 0.84375, 0.8805270791053772, 0.875, 0.8835108876228333, 0.828125, 0.8872957229614258, 0.921875, 0.8882169127464294, 0.90625, 0.8929830193519592, 0.84375, 0.8938841819763184, 0.90625], "loss": [1.749666452407837, 0.9711811542510986, 1.1570444107055664, 1.044915795326233, 0.9912953972816467, 0.7958770394325256, 0.915816605091095, 0.7537457942962646, 0.8736225366592407, 0.7389322519302368, 0.8504188656806946, 0.8193018436431885, 0.8394743800163269, 0.6796684861183167, 0.8247305154800415, 0.7888641357421875, 0.8132138848304749, 1.0150234699249268, 0.8029386401176453, 1.006722331047058, 0.8021550178527832, 0.8930532336235046, 0.7932053804397583, 0.6815672516822815, 0.7886086106300354, 1.0727851390838623, 0.7819538116455078, 0.8542417287826538, 0.7804492712020874, 0.8492220640182495, 0.7710204124450684, 0.955691933631897, 0.7660192251205444, 0.6383776664733887, 0.765619695186615, 0.6897343993186951, 0.6721281409263611, 0.6668683290481567, 0.6332926154136658, 0.6941243410110474, 0.6169965267181396, 0.5717484354972839, 0.5974671244621277, 0.4677056074142456, 0.5882173776626587, 0.5568988919258118, 0.5685465931892395, 0.7270119190216064, 0.560804545879364, 0.5076573491096497], "val_accuracy": [0.47380000352859497, 0.46540001034736633, 0.6944000124931335, 0.6773999929428101, 0.6940000057220459, 0.6977999806404114, 0.722599983215332, 0.7296000123023987, 0.7594000101089478, 0.767799973487854, 0.7588000297546387, 0.7634000182151794, 0.7802000045776367, 0.77920001745224, 0.7870000004768372, 0.7838000059127808, 0.807200014591217, 0.807200014591217, 0.7997999787330627, 0.8023999929428101, 0.8194000124931335, 0.8248000144958496, 0.8055999875068665, 0.8050000071525574, 0.8465999960899353, 0.8471999764442444, 0.817799985408783, 0.8208000063896179, 0.8162000179290771, 0.8220000267028809, 0.8450000286102295, 0.847599983215332, 0.8610000014305115, 0.8611999750137329, 0.824400007724762, 0.8241999745368958, 0.8822000026702881, 0.8827999830245972, 0.8813999891281128, 0.8808000087738037, 0.8873999714851379, 0.8873999714851379, 0.8881999850273132, 0.8873999714851379, 0.8935999870300293, 0.8942000269889832, 0.8888000249862671, 0.8894000053405762, 0.895799994468689, 0.8960000276565552], "val_loss": [1.7465189695358276, 1.8150259256362915, 1.014072060585022, 1.0616354942321777, 1.055850625038147, 1.044695258140564, 0.9923551678657532, 0.9721904397010803, 0.8739123344421387, 0.8480556607246399, 0.9212007522583008, 0.9048677682876587, 0.8713827133178711, 0.8744714856147766, 0.9066028594970703, 0.9162594676017761, 0.8192744255065918, 0.8172038793563843, 0.8561811447143555, 0.8406063318252563, 0.837859570980072, 0.8238692283630371, 0.8464236259460449, 0.8502112030982971, 0.7284193634986877, 0.7288556098937988, 0.8184743523597717, 0.8192352652549744, 0.8516760468482971, 0.8323873281478882, 0.7638731002807617, 0.7568023204803467, 0.7379667162895203, 0.7358319759368896, 0.8427939414978027, 0.840215802192688, 0.6551202535629272, 0.6552274227142334, 0.6540029048919678, 0.6539240479469299, 0.627306342124939, 0.627729058265686, 0.6074856519699097, 0.6071009039878845, 0.5985628366470337, 0.5982993841171265, 0.601207971572876, 0.6008880734443665, 0.5857422947883606, 0.5860137343406677], "learning_rate": [0.0010000000474974513, 0.0010000000474974513, 0.0010000000474974513, 0.0010000000474974513, 0.0010000000474974513, 0.0010000000474974513, 0.0010000000474974513, 0.0010000000474974513, 0.0010000000474974513, 0.0010000000474974513, 0.0010000000474974513, 0.0010000000474974513, 0.0010000000474974513, 0.0010000000474974513, 0.0010000000474974513, 0.0010000000474974513, 0.0010000000474974513, 0.0010000000474974513, 0.0010000000474974513, 0.0010000000474974513, 0.0010000000474974513, 0.0010000000474974513, 0.0010000000474974513, 0.0010000000474974513, 0.0010000000474974513, 0.0010000000474974513, 0.0010000000474974513, 0.0010000000474974513, 0.0010000000474974513, 0.0010000000474974513, 0.0010000000474974513, 0.0010000000474974513, 0.0010000000474974513, 0.0010000000474974513, 0.0010000000474974513, 0.00010000000474974513, 0.00010000000474974513, 0.00010000000474974513, 0.00010000000474974513, 0.00010000000474974513, 0.00010000000474974513, 0.00010000000474974513, 0.00010000000474974513, 0.00010000000474974513, 0.00010000000474974513, 0.00010000000474974513, 0.00010000000474974513, 0.00010000000474974513, 0.00010000000474974513, 0.00010000000474974513]}