{
    "accuracy": [
        0.4294096529483795,
        0.640625,
        0.6099206805229187,
        0.703125,
        0.6808714866638184,
        0.609375,
        0.7198614478111267,
        0.671875,
        0.7462151646614075,
        0.6875,
        0.7622556686401367,
        0.890625,
        0.7779357433319092,
        0.71875,
        0.7894304990768433,
        0.875,
        0.7980815172195435,
        0.828125,
        0.8073133826255798,
        0.65625,
        0.8130607008934021,
        0.875,
        0.8172060251235962,
        0.796875,
        0.8223926424980164,
        0.828125,
        0.8247156143188477,
        0.8125,
        0.8512896299362183,
        0.859375,
        0.8660085201263428,
        0.921875,
        0.8724967837333679,
        0.84375,
        0.8747997283935547,
        0.875,
        0.8778436183929443,
        0.90625,
        0.8816885352134705,
        0.9375,
        0.8851730227470398,
        0.8125,
        0.8863945603370667,
        0.9375,
        0.8897188305854797,
        0.890625,
        0.8915011286735535,
        0.875,
        0.8930631279945374,
        0.765625
    ],
    "loss": [
        1.7610886096954346,
        1.2869364023208618,
        1.1924535036087036,
        0.9787956476211548,
        1.0079126358032227,
        1.1171109676361084,
        0.9231826066970825,
        0.8937748074531555,
        0.8743993639945984,
        0.9749555587768555,
        0.8522089719772339,
        0.6006368398666382,
        0.8378304839134216,
        0.9963670969009399,
        0.8264565467834473,
        0.6434280276298523,
        0.8167682886123657,
        0.7492068409919739,
        0.8084219694137573,
        1.118161678314209,
        0.798543393611908,
        0.7107614874839783,
        0.7978678345680237,
        0.8373773097991943,
        0.7938822507858276,
        0.8522683382034302,
        0.7910062670707703,
        0.8463207483291626,
        0.7094802260398865,
        0.6550993919372559,
        0.6637371778488159,
        0.6070876121520996,
        0.6390043497085571,
        0.7994161248207092,
        0.6191319227218628,
        0.6734254956245422,
        0.6047672033309937,
        0.5333501100540161,
        0.5880271792411804,
        0.5454839468002319,
        0.5737331509590149,
        0.6319758892059326,
        0.5619344711303711,
        0.46562445163726807,
        0.5489020347595215,
        0.4961494207382202,
        0.53910893201828,
        0.5596718192100525,
        0.5306275486946106,
        0.8734292984008789
    ],
    "val_accuracy": [
        0.5437999963760376,
        0.5472000241279602,
        0.4593999981880188,
        0.4611999988555908,
        0.6718000173568726,
        0.6740000247955322,
        0.7468000054359436,
        0.7432000041007996,
        0.7544000148773193,
        0.7554000020027161,
        0.7681999802589417,
        0.769599974155426,
        0.7829999923706055,
        0.7815999984741211,
        0.8080000281333923,
        0.8044000267982483,
        0.8130000233650208,
        0.8064000010490417,
        0.739799976348877,
        0.7599999904632568,
        0.8091999888420105,
        0.8064000010490417,
        0.8137999773025513,
        0.8133999705314636,
        0.7886000275611877,
        0.7937999963760376,
        0.8068000078201294,
        0.8073999881744385,
        0.8605999946594238,
        0.8600000143051147,
        0.8655999898910522,
        0.8661999702453613,
        0.8654000163078308,
        0.8664000034332275,
        0.8748000264167786,
        0.8741999864578247,
        0.8773999810218811,
        0.8769999742507935,
        0.8812000155448914,
        0.881600022315979,
        0.8809999823570251,
        0.8808000087738037,
        0.8817999958992004,
        0.8813999891281128,
        0.8831999897956848,
        0.883400022983551,
        0.8844000101089478,
        0.8841999769210815,
        0.8848000168800354,
        0.885200023651123
    ],
    "val_loss": [
        1.3693541288375854,
        1.3496339321136475,
        2.06984806060791,
        2.0387165546417236,
        1.0900027751922607,
        1.0807859897613525,
        0.8571053743362427,
        0.8714147210121155,
        0.8864478468894958,
        0.8765241503715515,
        0.856523334980011,
        0.8514360189437866,
        0.8646242022514343,
        0.8688687682151794,
        0.7883184552192688,
        0.8005221486091614,
        0.7858770489692688,
        0.7994475364685059,
        1.0698225498199463,
        0.9954683780670166,
        0.840900182723999,
        0.8485470414161682,
        0.8161922097206116,
        0.8176311254501343,
        0.916287899017334,
        0.8972737193107605,
        0.9010053873062134,
        0.8991832137107849,
        0.6876955032348633,
        0.6872513294219971,
        0.6623470783233643,
        0.6625562310218811,
        0.6625820994377136,
        0.6616058945655823,
        0.6264212131500244,
        0.6262092590332031,
        0.6113806962966919,
        0.6114664077758789,
        0.6095706820487976,
        0.6092597246170044,
        0.6024554967880249,
        0.6025962829589844,
        0.5833963751792908,
        0.5829639434814453,
        0.5799852609634399,
        0.580579400062561,
        0.5779500603675842,
        0.5782188773155212,
        0.5749872326850891,
        0.5748897194862366
    ],
    "learning_rate": [
        0.0010000000474974513,
        0.0010000000474974513,
        0.0010000000474974513,
        0.0010000000474974513,
        0.0010000000474974513,
        0.0010000000474974513,
        0.0010000000474974513,
        0.0010000000474974513,
        0.0010000000474974513,
        0.0010000000474974513,
        0.0010000000474974513,
        0.0010000000474974513,
        0.0010000000474974513,
        0.0010000000474974513,
        0.0010000000474974513,
        0.0010000000474974513,
        0.0010000000474974513,
        0.0010000000474974513,
        0.0010000000474974513,
        0.0010000000474974513,
        0.0010000000474974513,
        0.0010000000474974513,
        0.0010000000474974513,
        0.0010000000474974513,
        0.0010000000474974513,
        0.0010000000474974513,
        0.0010000000474974513,
        0.00010000000474974513,
        0.00010000000474974513,
        0.00010000000474974513,
        0.00010000000474974513,
        0.00010000000474974513,
        0.00010000000474974513,
        0.00010000000474974513,
        0.00010000000474974513,
        0.00010000000474974513,
        0.00010000000474974513,
        0.00010000000474974513,
        0.00010000000474974513,
        0.00010000000474974513,
        0.00010000000474974513,
        0.00010000000474974513,
        0.00010000000474974513,
        0.00010000000474974513,
        0.00010000000474974513,
        0.00010000000474974513,
        0.00010000000474974513,
        0.00010000000474974513,
        0.00010000000474974513,
        0.00010000000474974513
    ]
}