{
    "accuracy": [
        0.3528917133808136,
        0.5,
        0.4974367320537567,
        0.53125,
        0.5614987015724182,
        0.53125,
        0.5988065004348755,
        0.640625,
        0.6261814832687378,
        0.625,
        0.6487704515457153,
        0.703125,
        0.6656920909881592,
        0.65625,
        0.6796900033950806,
        0.625,
        0.6887816190719604,
        0.71875,
        0.6995154023170471,
        0.640625,
        0.7055230736732483,
        0.625,
        0.7139538526535034,
        0.703125,
        0.7174984216690063,
        0.765625,
        0.7194609045982361,
        0.703125,
        0.7272108197212219,
        0.609375,
        0.7315163612365723,
        0.75,
        0.7362624406814575,
        0.6875,
        0.7379845976829529,
        0.671875,
        0.7400272488594055,
        0.703125,
        0.7423301935195923,
        0.734375,
        0.7447933554649353,
        0.71875,
        0.7449935674667358,
        0.703125,
        0.7513817548751831,
        0.796875,
        0.7525432705879211,
        0.734375,
        0.7546259164810181,
        0.8125
    ],
    "loss": [
        1.922078251838684,
        1.4587621688842773,
        1.4049943685531616,
        1.2222391366958618,
        1.2501490116119385,
        1.2936424016952515,
        1.1480849981307983,
        1.1446157693862915,
        1.0772019624710083,
        0.997411847114563,
        1.0224933624267578,
        0.7639487385749817,
        0.9795777797698975,
        0.9267332553863525,
        0.9492429494857788,
        1.1319048404693604,
        0.9291387796401978,
        0.8671491742134094,
        0.8987820744514465,
        0.929575502872467,
        0.8879126310348511,
        0.9244191646575928,
        0.8686346411705017,
        0.7795631885528564,
        0.8613508343696594,
        0.7574558854103088,
        0.8528344631195068,
        0.9530130624771118,
        0.8347886800765991,
        1.175956130027771,
        0.8302002549171448,
        0.7187713384628296,
        0.8181662559509277,
        0.9655613303184509,
        0.8168792128562927,
        1.065190076828003,
        0.8086771965026855,
        0.9310508966445923,
        0.8048675060272217,
        0.9044370055198669,
        0.7995458245277405,
        0.7731475830078125,
        0.7965953946113586,
        0.8589436411857605,
        0.7824809551239014,
        0.7460298538208008,
        0.7855666875839233,
        0.814267098903656,
        0.7826902866363525,
        0.5942894220352173
    ],
    "val_accuracy": [
        0.4936000108718872,
        0.49480000138282776,
        0.5896000266075134,
        0.5914000272750854,
        0.5911999940872192,
        0.6028000116348267,
        0.6615999937057495,
        0.6633999943733215,
        0.6700000166893005,
        0.6682000160217285,
        0.7134000062942505,
        0.7085999846458435,
        0.7052000164985657,
        0.7059999704360962,
        0.7107999920845032,
        0.7070000171661377,
        0.717199981212616,
        0.7185999751091003,
        0.7394000291824341,
        0.7400000095367432,
        0.7541999816894531,
        0.75,
        0.7441999912261963,
        0.7440000176429749,
        0.7382000088691711,
        0.7387999892234802,
        0.7426000237464905,
        0.7445999979972839,
        0.772599995136261,
        0.7721999883651733,
        0.7688000202178955,
        0.7680000066757202,
        0.7767999768257141,
        0.777400016784668,
        0.7767999768257141,
        0.7767999768257141,
        0.7373999953269958,
        0.7364000082015991,
        0.7833999991416931,
        0.7821999788284302,
        0.7752000093460083,
        0.7734000086784363,
        0.7851999998092651,
        0.7860000133514404,
        0.7770000100135803,
        0.7824000120162964,
        0.7972000241279602,
        0.7955999970436096,
        0.7997999787330627,
        0.8009999990463257
    ],
    "val_loss": [
        1.4051191806793213,
        1.3986393213272095,
        1.2021799087524414,
        1.1916313171386719,
        1.2185046672821045,
        1.188712239265442,
        0.982273519039154,
        0.9756413102149963,
        0.9621748924255371,
        0.9586576223373413,
        0.8477507829666138,
        0.8459625840187073,
        0.8824781179428101,
        0.877181351184845,
        0.905830979347229,
        0.9155299067497253,
        0.8661502003669739,
        0.8705891370773315,
        0.7987164855003357,
        0.799811601638794,
        0.7667292356491089,
        0.7701115012168884,
        0.7928817868232727,
        0.7885426878929138,
        0.8440076112747192,
        0.833541214466095,
        0.8113128542900085,
        0.8079685568809509,
        0.7133153080940247,
        0.7108636498451233,
        0.7407757043838501,
        0.7433669567108154,
        0.7241358757019043,
        0.7220792770385742,
        0.6974928975105286,
        0.6973608136177063,
        0.8586627244949341,
        0.8593059778213501,
        0.6909322738647461,
        0.6928148865699768,
        0.7177174687385559,
        0.7236005663871765,
        0.6928331851959229,
        0.6930723786354065,
        0.7457342147827148,
        0.7323746681213379,
        0.657709538936615,
        0.6628543734550476,
        0.6610193848609924,
        0.6638801097869873
    ],
    "learning_rate": [
        0.0010000000474974513,
        0.0010000000474974513,
        0.0010000000474974513,
        0.0010000000474974513,
        0.0010000000474974513,
        0.0010000000474974513,
        0.0010000000474974513,
        0.0010000000474974513,
        0.0010000000474974513,
        0.0010000000474974513,
        0.0010000000474974513,
        0.0010000000474974513,
        0.0010000000474974513,
        0.0010000000474974513,
        0.0010000000474974513,
        0.0010000000474974513,
        0.0010000000474974513,
        0.0010000000474974513,
        0.0010000000474974513,
        0.0010000000474974513,
        0.0010000000474974513,
        0.0010000000474974513,
        0.0010000000474974513,
        0.0010000000474974513,
        0.0010000000474974513,
        0.0010000000474974513,
        0.0010000000474974513,
        0.0010000000474974513,
        0.0010000000474974513,
        0.0010000000474974513,
        0.0010000000474974513,
        0.0010000000474974513,
        0.0010000000474974513,
        0.0010000000474974513,
        0.0010000000474974513,
        0.0010000000474974513,
        0.0010000000474974513,
        0.0010000000474974513,
        0.0010000000474974513,
        0.0010000000474974513,
        0.0010000000474974513,
        0.0010000000474974513,
        0.0010000000474974513,
        0.0010000000474974513,
        0.0010000000474974513,
        0.0010000000474974513,
        0.0010000000474974513,
        0.0010000000474974513,
        0.0010000000474974513,
        0.0010000000474974513
    ]
}