{
    "accuracy": [
        0.44424864649772644,
        0.609375,
        0.6166693568229675,
        0.765625,
        0.6864386200904846,
        0.578125,
        0.7234059572219849,
        0.703125,
        0.747576892375946,
        0.71875,
        0.764098048210144,
        0.78125,
        0.7803788781166077,
        0.8125,
        0.793335497379303,
        0.765625,
        0.7997837066650391,
        0.6875,
        0.8071531653404236,
        0.796875,
        0.8159244060516357,
        0.75,
        0.8450015783309937,
        0.859375,
        0.8575176000595093,
        0.8125,
        0.8625240325927734,
        0.84375,
        0.8677907586097717,
        0.84375,
        0.8720362186431885,
        0.859375,
        0.8721563816070557,
        0.890625,
        0.8777235150337219,
        0.890625,
        0.8799463510513306,
        0.859375,
        0.882049024105072,
        0.875,
        0.8857136964797974,
        0.90625,
        0.8858939409255981,
        0.890625,
        0.8870354294776917,
        0.921875,
        0.8912608027458191,
        0.828125,
        0.892041802406311,
        0.9375
    ],
    "loss": [
        1.7207728624343872,
        1.242070198059082,
        1.1726863384246826,
        0.9009809494018555,
        1.001232624053955,
        1.2902956008911133,
        0.9164395332336426,
        0.9179894328117371,
        0.8747000098228455,
        0.8310261368751526,
        0.8477731347084045,
        0.8020856976509094,
        0.8309208154678345,
        0.7929993271827698,
        0.8180457949638367,
        0.9748936295509338,
        0.8169040679931641,
        1.0539021492004395,
        0.8060734868049622,
        0.7894399166107178,
        0.7962183952331543,
        1.0298755168914795,
        0.7114616632461548,
        0.6481871008872986,
        0.669918417930603,
        0.7453122735023499,
        0.6462619304656982,
        0.6724147796630859,
        0.6235106587409973,
        0.7056105136871338,
        0.6072404980659485,
        0.6730419397354126,
        0.5947247743606567,
        0.5945870876312256,
        0.5797878503799438,
        0.47977331280708313,
        0.5648612380027771,
        0.5318625569343567,
        0.55324387550354,
        0.6658528447151184,
        0.5405439138412476,
        0.5748680830001831,
        0.5348681211471558,
        0.5791153311729431,
        0.529291570186615,
        0.41858428716659546,
        0.5134725570678711,
        0.6418827176094055,
        0.5085278153419495,
        0.35443979501724243
    ],
    "val_accuracy": [
        0.5475999712944031,
        0.5338000059127808,
        0.6402000188827515,
        0.650600016117096,
        0.7044000029563904,
        0.7024000287055969,
        0.715399980545044,
        0.7167999744415283,
        0.7436000108718872,
        0.7472000122070312,
        0.7785999774932861,
        0.7851999998092651,
        0.7404000163078308,
        0.7361999750137329,
        0.7591999769210815,
        0.7544000148773193,
        0.7825999855995178,
        0.7897999882698059,
        0.7870000004768372,
        0.7874000072479248,
        0.7752000093460083,
        0.7838000059127808,
        0.8569999933242798,
        0.857200026512146,
        0.8676000237464905,
        0.8669999837875366,
        0.8730000257492065,
        0.8737999796867371,
        0.8744000196456909,
        0.8740000128746033,
        0.8790000081062317,
        0.8790000081062317,
        0.8776000142097473,
        0.878000020980835,
        0.8772000074386597,
        0.8772000074386597,
        0.8795999884605408,
        0.8791999816894531,
        0.8805999755859375,
        0.8808000087738037,
        0.8784000277519226,
        0.8784000277519226,
        0.878000020980835,
        0.878000020980835,
        0.8845999836921692,
        0.8845999836921692,
        0.8859999775886536,
        0.8853999972343445,
        0.8884000182151794,
        0.8870000243186951
    ],
    "val_loss": [
        1.4248676300048828,
        1.4810584783554077,
        1.2137134075164795,
        1.1866594552993774,
        0.9655564427375793,
        0.9785467982292175,
        1.0013622045516968,
        0.9947302937507629,
        0.9735910892486572,
        0.9599026441574097,
        0.8458142280578613,
        0.8213334083557129,
        0.9896928668022156,
        1.0069783926010132,
        0.9748486280441284,
        0.9783445596694946,
        0.9055423736572266,
        0.8839005827903748,
        0.9118918776512146,
        0.9201717972755432,
        0.9413472414016724,
        0.9135972857475281,
        0.6837494969367981,
        0.68269944190979,
        0.6559433937072754,
        0.6564779877662659,
        0.6287146210670471,
        0.6284459829330444,
        0.6233681440353394,
        0.6231861114501953,
        0.5966416597366333,
        0.596962034702301,
        0.5972065925598145,
        0.5969197154045105,
        0.6017244458198547,
        0.6015399098396301,
        0.5880971550941467,
        0.5885919332504272,
        0.5892051458358765,
        0.5885119438171387,
        0.5771563053131104,
        0.5771421790122986,
        0.5723466873168945,
        0.572557270526886,
        0.5491743683815002,
        0.548910915851593,
        0.5520151257514954,
        0.5512202382087708,
        0.5453795790672302,
        0.5447887182235718
    ],
    "learning_rate": [
        0.0010000000474974513,
        0.0010000000474974513,
        0.0010000000474974513,
        0.0010000000474974513,
        0.0010000000474974513,
        0.0010000000474974513,
        0.0010000000474974513,
        0.0010000000474974513,
        0.0010000000474974513,
        0.0010000000474974513,
        0.0010000000474974513,
        0.0010000000474974513,
        0.0010000000474974513,
        0.0010000000474974513,
        0.0010000000474974513,
        0.0010000000474974513,
        0.0010000000474974513,
        0.0010000000474974513,
        0.0010000000474974513,
        0.0010000000474974513,
        0.0010000000474974513,
        0.0010000000474974513,
        0.00010000000474974513,
        0.00010000000474974513,
        0.00010000000474974513,
        0.00010000000474974513,
        0.00010000000474974513,
        0.00010000000474974513,
        0.00010000000474974513,
        0.00010000000474974513,
        0.00010000000474974513,
        0.00010000000474974513,
        0.00010000000474974513,
        0.00010000000474974513,
        0.00010000000474974513,
        0.00010000000474974513,
        0.00010000000474974513,
        0.00010000000474974513,
        0.00010000000474974513,
        0.00010000000474974513,
        0.00010000000474974513,
        0.00010000000474974513,
        0.00010000000474974513,
        0.00010000000474974513,
        0.00010000000474974513,
        0.00010000000474974513,
        0.00010000000474974513,
        0.00010000000474974513,
        0.00010000000474974513,
        0.00010000000474974513
    ]
}