{
    "accuracy": [
        0.8487464189529419,
        0.84375,
        0.8438401222229004,
        0.859375,
        0.8431792855262756,
        0.859375,
        0.8426786065101624,
        0.90625,
        0.8502283096313477,
        0.78125,
        0.8495875000953674,
        0.875,
        0.8538529276847839,
        0.890625,
        0.8545738458633423,
        0.9375,
        0.8532121181488037,
        0.84375,
        0.8590595722198486,
        0.859375,
        0.8557954430580139,
        0.828125,
        0.8574175238609314,
        0.953125,
        0.8597004413604736,
        0.890625,
        0.8623037338256836,
        0.84375,
        0.8624839782714844,
        0.78125,
        0.8623037338256836,
        0.921875,
        0.8629245162010193,
        0.859375,
        0.86504727602005,
        0.953125,
        0.866649329662323,
        0.84375,
        0.8690524101257324,
        0.78125,
        0.8695330023765564,
        0.921875,
        0.868291437625885,
        0.890625,
        0.8690924644470215,
        0.796875,
        0.8692325949668884,
        0.828125,
        0.8711751103401184,
        0.859375
    ],
    "loss": [
        0.8396777510643005,
        0.3833514153957367,
        0.74069744348526,
        0.38068127632141113,
        0.7171949148178101,
        0.3145736753940582,
        0.7042232155799866,
        0.316170334815979,
        0.686771810054779,
        0.43993717432022095,
        0.679344117641449,
        0.3092120885848999,
        0.6684259176254272,
        0.33626532554626465,
        0.6644735932350159,
        0.2630365788936615,
        0.664512038230896,
        0.3655514121055603,
        0.6510118246078491,
        0.3390689194202423,
        0.6537808775901794,
        0.36440902948379517,
        0.6514217853546143,
        0.2532866597175598,
        0.6426945328712463,
        0.2891678512096405,
        0.6393919587135315,
        0.3380697965621948,
        0.6355120539665222,
        0.40121665596961975,
        0.6339826583862305,
        0.25764113664627075,
        0.6337758302688599,
        0.30127739906311035,
        0.6310840845108032,
        0.2591496407985687,
        0.6289176344871521,
        0.34649035334587097,
        0.6232055425643921,
        0.3966350555419922,
        0.6198326945304871,
        0.24652382731437683,
        0.6221567988395691,
        0.2931153476238251,
        0.6208664774894714,
        0.3964797854423523,
        0.6194972991943359,
        0.35881781578063965,
        0.6190407276153564,
        0.308296263217926
    ],
    "val_accuracy": [
        0.842199981212616,
        0.8450000286102295,
        0.8464000225067139,
        0.849399983882904,
        0.8259999752044678,
        0.8309999704360962,
        0.8597999811172485,
        0.8583999872207642,
        0.8521999716758728,
        0.8503999710083008,
        0.8626000285148621,
        0.8619999885559082,
        0.8478000164031982,
        0.8474000096321106,
        0.8593999743461609,
        0.8605999946594238,
        0.859000027179718,
        0.8593999743461609,
        0.829800009727478,
        0.8281999826431274,
        0.8474000096321106,
        0.8452000021934509,
        0.847599983215332,
        0.8482000231742859,
        0.8646000027656555,
        0.8640000224113464,
        0.8592000007629395,
        0.8561999797821045,
        0.8596000075340271,
        0.8610000014305115,
        0.8564000129699707,
        0.854200005531311,
        0.8528000116348267,
        0.8568000197410583,
        0.8357999920845032,
        0.8334000110626221,
        0.8610000014305115,
        0.8615999817848206,
        0.8500000238418579,
        0.8515999913215637,
        0.8655999898910522,
        0.8658000230789185,
        0.8661999702453613,
        0.868399977684021,
        0.8592000007629395,
        0.8579999804496765,
        0.8568000197410583,
        0.8525999784469604,
        0.8644000291824341,
        0.8668000102043152
    ],
    "val_loss": [
        1.3876954317092896,
        1.3696632385253906,
        2.1039559841156006,
        2.1158199310302734,
        2.6599040031433105,
        2.756047248840332,
        2.740201234817505,
        2.7416021823883057,
        3.3778865337371826,
        3.3324620723724365,
        4.6013360023498535,
        4.559287071228027,
        6.727087020874023,
        6.874185085296631,
        6.917767524719238,
        6.992551803588867,
        8.50811767578125,
        9.258742332458496,
        18.96030044555664,
        17.509904861450195,
        20.652976989746094,
        19.041412353515625,
        21.996374130249023,
        21.773334503173828,
        51.79621887207031,
        52.67009735107422,
        164.05902099609375,
        183.68251037597656,
        72.18991088867188,
        60.577354431152344,
        -27.0770320892334,
        -29.324155807495117,
        72.02361297607422,
        82.31952667236328,
        42.31077194213867,
        47.18764877319336,
        19.138568878173828,
        19.58662223815918,
        9.63038444519043,
        9.981160163879395,
        -292.5035400390625,
        -197.54258728027344,
        -26.891036987304688,
        -25.703657150268555,
        1014.972412109375,
        614.85888671875,
        35.17405319213867,
        32.435020446777344,
        23.571016311645508,
        25.257495880126953
    ]
}