{
    "accuracy": [
        0.37037408351898193,
        0.53125,
        0.5016821622848511,
        0.59375,
        0.5681672692298889,
        0.53125,
        0.6072773337364197,
        0.625,
        0.6328500509262085,
        0.640625,
        0.6534764766693115,
        0.5,
        0.6698173880577087,
        0.78125,
        0.6802306771278381,
        0.75,
        0.6926465630531311,
        0.734375,
        0.7034003734588623,
        0.734375,
        0.7063641548156738,
        0.75,
        0.7125320434570312,
        0.671875,
        0.7175585031509399,
        0.734375,
        0.722665011882782,
        0.796875,
        0.7270906567573547,
        0.734375,
        0.7468559741973877,
        0.609375,
        0.7514618635177612,
        0.90625,
        0.7564082145690918,
        0.625,
        0.7576698064804077,
        0.765625,
        0.7598726153373718,
        0.703125,
        0.7577098608016968,
        0.859375,
        0.7626361846923828,
        0.78125,
        0.7658002376556396,
        0.75,
        0.7655999660491943,
        0.75,
        0.7662808299064636,
        0.828125
    ],
    "loss": [
        1.8625556230545044,
        1.452502965927124,
        1.393941879272461,
        1.247352123260498,
        1.22966468334198,
        1.226516842842102,
        1.1291377544403076,
        1.0767282247543335,
        1.0581812858581543,
        1.017613410949707,
        1.012821078300476,
        1.4026899337768555,
        0.9732344746589661,
        0.7288933992385864,
        0.9440740346908569,
        0.8333873152732849,
        0.91953045129776,
        0.7688351273536682,
        0.8964861035346985,
        0.9129480123519897,
        0.8850241303443909,
        0.9768447875976562,
        0.8691093325614929,
        0.9596412181854248,
        0.8596054315567017,
        0.9938588738441467,
        0.8471289277076721,
        0.6485482454299927,
        0.8365494012832642,
        0.7291890382766724,
        0.7835948467254639,
        0.9421496987342834,
        0.7682504057884216,
        0.49574652314186096,
        0.7580053806304932,
        0.9561724066734314,
        0.7528680562973022,
        0.772506594657898,
        0.7470818758010864,
        0.8789518475532532,
        0.7421716451644897,
        0.614596962928772,
        0.737650454044342,
        0.6967942118644714,
        0.7273886203765869,
        0.7199020981788635,
        0.7251229882240295,
        0.8344194293022156,
        0.726080060005188,
        0.5644940137863159
    ],
    "val_accuracy": [
        0.4480000138282776,
        0.446399986743927,
        0.5644000172615051,
        0.5649999976158142,
        0.5730000138282776,
        0.5702000260353088,
        0.6687999963760376,
        0.6718000173568726,
        0.6226000189781189,
        0.629800021648407,
        0.6582000255584717,
        0.656000018119812,
        0.6588000059127808,
        0.6582000255584717,
        0.7026000022888184,
        0.7038000226020813,
        0.7026000022888184,
        0.6970000267028809,
        0.745199978351593,
        0.7476000189781189,
        0.7229999899864197,
        0.7235999703407288,
        0.7057999968528748,
        0.7026000022888184,
        0.7275999784469604,
        0.7242000102996826,
        0.7382000088691711,
        0.7343999743461609,
        0.7531999945640564,
        0.7473999857902527,
        0.7825999855995178,
        0.7824000120162964,
        0.7888000011444092,
        0.7886000275611877,
        0.7892000079154968,
        0.7883999943733215,
        0.7914000153541565,
        0.7911999821662903,
        0.7964000105857849,
        0.7965999841690063,
        0.8014000058174133,
        0.8015999794006348,
        0.7888000011444092,
        0.7889999747276306,
        0.8008000254631042,
        0.8008000254631042,
        0.8004000186920166,
        0.8015999794006348,
        0.7978000044822693,
        0.7978000044822693
    ],
    "val_loss": [
        1.5688602924346924,
        1.5628950595855713,
        1.3003416061401367,
        1.296879768371582,
        1.285134196281433,
        1.2931572198867798,
        0.957125186920166,
        0.9551339149475098,
        1.133648157119751,
        1.1117345094680786,
        1.0489742755889893,
        1.0570297241210938,
        1.012216567993164,
        1.0130504369735718,
        0.9316264390945435,
        0.936967670917511,
        0.8977030515670776,
        0.9131835699081421,
        0.7866950035095215,
        0.7865856289863586,
        0.8533478379249573,
        0.8514681458473206,
        0.8941974639892578,
        0.9068242907524109,
        0.8666901588439941,
        0.8781744837760925,
        0.8130542635917664,
        0.8250582814216614,
        0.7864927649497986,
        0.7949422001838684,
        0.6909723877906799,
        0.691496729850769,
        0.6747772693634033,
        0.6744240522384644,
        0.6753341555595398,
        0.6757201552391052,
        0.6772054433822632,
        0.6778712868690491,
        0.6641695499420166,
        0.6644253730773926,
        0.6465506553649902,
        0.646812915802002,
        0.6843180656433105,
        0.6845515370368958,
        0.6407351493835449,
        0.6407610774040222,
        0.6575156450271606,
        0.6565706133842468,
        0.6472471952438354,
        0.6466238498687744
    ],
    "learning_rate": [
        0.0010000000474974513,
        0.0010000000474974513,
        0.0010000000474974513,
        0.0010000000474974513,
        0.0010000000474974513,
        0.0010000000474974513,
        0.0010000000474974513,
        0.0010000000474974513,
        0.0010000000474974513,
        0.0010000000474974513,
        0.0010000000474974513,
        0.0010000000474974513,
        0.0010000000474974513,
        0.0010000000474974513,
        0.0010000000474974513,
        0.0010000000474974513,
        0.0010000000474974513,
        0.0010000000474974513,
        0.0010000000474974513,
        0.0010000000474974513,
        0.0010000000474974513,
        0.0010000000474974513,
        0.0010000000474974513,
        0.0010000000474974513,
        0.0010000000474974513,
        0.0010000000474974513,
        0.0010000000474974513,
        0.0010000000474974513,
        0.0010000000474974513,
        0.0010000000474974513,
        0.00010000000474974513,
        0.00010000000474974513,
        0.00010000000474974513,
        0.00010000000474974513,
        0.00010000000474974513,
        0.00010000000474974513,
        0.00010000000474974513,
        0.00010000000474974513,
        0.00010000000474974513,
        0.00010000000474974513,
        0.00010000000474974513,
        0.00010000000474974513,
        0.00010000000474974513,
        0.00010000000474974513,
        0.00010000000474974513,
        0.00010000000474974513,
        0.00010000000474974513,
        0.00010000000474974513,
        0.00010000000474974513,
        0.00010000000474974513
    ]
}