{"accuracy": [0.8758028149604797, 0.8723157048225403, 0.8359375, 0.8719150424003601, 0.8734344840049744, 0.8984375, 0.8696714639663696, 0.8729126453399658, 0.875, 0.8724710941314697, 0.8743990659713745, 0.8984375, 0.8748798370361328, 0.8721098303794861, 0.8203125, 0.8744781613349915, 0.8736377954483032, 0.9296875, 0.8759615421295166, 0.8712267279624939, 0.859375, 0.8745182752609253, 0.8770432472229004, 0.8515625, 0.8753605484962463, 0.8762845396995544, 0.8984375, 0.8759633898735046, 0.875, 0.8515625, 0.8772435784339905, 0.8786126971244812, 0.8203125, 0.877127468585968, 0.8796073794364929, 0.890625, 0.8786929845809937, 0.8782051205635071, 0.8515625, 0.8744791746139526, 0.8785725831985474, 0.8984375, 0.8795272707939148, 0.8805394768714905, 0.8984375, 0.87833172082901, 0.8794070482254028, 0.8671875, 0.8776041865348816, 0.8753211498260498], "loss": [0.7278584241867065, 0.6853058934211731, 0.4969583749771118, 0.6627302169799805, 0.6416022777557373, 0.4182054102420807, 0.6342639923095703, 0.6207259297370911, 0.4046190679073334, 0.6099832653999329, 0.6044628024101257, 0.3864801824092865, 0.6026232242584229, 0.6031487584114075, 0.4573393762111664, 0.5986378788948059, 0.5944952368736267, 0.3618493974208832, 0.5841677784919739, 0.5961039066314697, 0.4324057996273041, 0.5901535749435425, 0.5850029587745667, 0.4280475676059723, 0.5877277851104736, 0.582767903804779, 0.3266606032848358, 0.5837700366973877, 0.5811067819595337, 0.396990567445755, 0.5801311135292053, 0.5766811370849609, 0.45751896500587463, 0.5801367163658142, 0.5720997452735901, 0.3716017007827759, 0.5719978213310242, 0.5777676701545715, 0.4113633632659912, 0.5794681906700134, 0.5714229345321655, 0.3689594268798828, 0.5711613297462463, 0.5684973001480103, 0.3705545961856842, 0.5725492238998413, 0.5708491206169128, 0.41406798362731934, 0.5738242268562317, 0.574996292591095], "val_accuracy": [0.866599977016449, 0.8450000286102295, 0.8471999764442444, 0.8342000246047974, 0.8687999844551086, 0.8682000041007996, 0.8518000245094299, 0.8167999982833862, 0.8062000274658203, 0.848800003528595, 0.8690000176429749, 0.864799976348877, 0.8672000169754028, 0.850600004196167, 0.8497999906539917, 0.8511999845504761, 0.8610000014305115, 0.8697999715805054, 0.8614000082015991, 0.8551999926567078, 0.8533999919891357, 0.8500000238418579, 0.8618000149726868, 0.8610000014305115, 0.8640000224113464, 0.8492000102996826, 0.8518000245094299, 0.8745999932289124, 0.8492000102996826, 0.8551999926567078, 0.8393999934196472, 0.8564000129699707, 0.8578000068664551, 0.878000020980835, 0.855400025844574, 0.8551999926567078, 0.8374000191688538, 0.8583999872207642, 0.8555999994277954, 0.8658000230789185, 0.8708000183105469, 0.8744000196456909, 0.8772000074386597, 0.8723999857902527, 0.870199978351593, 0.8460000157356262, 0.8610000014305115, 0.8632000088691711, 0.8722000122070312, 0.8539999723434448], "val_loss": [4.500711441040039, 6.207571983337402, 6.217355251312256, 4.315888404846191, 11.06888484954834, 11.206583023071289, 7.758602142333984, 6.962648868560791, 6.575184345245361, 7.7236785888671875, 15.697261810302734, 17.25904655456543, 11.28154468536377, 18.354238510131836, 17.581966400146484, 6.129411697387695, 20.381298065185547, 13.278841018676758, 10.436837196350098, 11.576180458068848, 10.977216720581055, 8.63591194152832, 9.580080032348633, 10.213678359985352, 16.54030418395996, 40.15399169921875, 32.934688568115234, 129.56265258789062, 10.01671028137207, 9.994817733764648, 15.673102378845215, 15.821310997009277, 14.843984603881836, 15.48039722442627, 23.91342544555664, 25.88742446899414, 9.302131652832031, -42.225311279296875, -52.49061584472656, 21.421825408935547, 13.411563873291016, 16.09107208251953, -69.65320587158203, 15.963541030883789, 15.891940116882324, 5.221946716308594, 11.32756233215332, 12.054184913635254, 9.573315620422363, 9.510417938232422]}