{"accuracy": [0.8546483516693115, 0.8568108677864075, 0.8203125, 0.8491586446762085, 0.8460982441902161, 0.8125, 0.8524004220962524, 0.8510817289352417, 0.8359375, 0.8508012890815735, 0.8517581820487976, 0.875, 0.8538455367088318, 0.8522035479545593, 0.890625, 0.8523603081703186, 0.8550080060958862, 0.84375, 0.8555688858032227, 0.8587427735328674, 0.8125, 0.8580202460289001, 0.8542467951774597, 0.8359375, 0.8593850135803223, 0.8622996807098389, 0.859375, 0.8611913919448853, 0.8635416626930237, 0.859375, 0.8622195720672607, 0.86167311668396, 0.8671875, 0.8617935180664062, 0.8631811141967773, 0.8828125, 0.863800585269928, 0.8671474456787109, 0.859375, 0.8620744943618774, 0.8661057949066162, 0.8828125, 0.8694711327552795, 0.8680555820465088, 0.8671875, 0.8658252954483032, 0.8658076524734497, 0.875, 0.8670921921730042, 0.8677483797073364], "loss": [0.9113730192184448, 0.7509040236473083, 0.4958726167678833, 0.7213565111160278, 0.702911376953125, 0.4997751712799072, 0.6814392805099487, 0.6797320246696472, 0.4631119966506958, 0.6662324070930481, 0.6613621115684509, 0.4151937663555145, 0.6563571095466614, 0.653401255607605, 0.3838883340358734, 0.6473180651664734, 0.6459123492240906, 0.4453328549861908, 0.6392648816108704, 0.631520688533783, 0.45836639404296875, 0.630469799041748, 0.6362488865852356, 0.4057953357696533, 0.6277625560760498, 0.6222425103187561, 0.45108839869499207, 0.6240663528442383, 0.6204463243484497, 0.45203885436058044, 0.6168994307518005, 0.6172049641609192, 0.3829022943973541, 0.6187413930892944, 0.6147533059120178, 0.4147609770298004, 0.6111703515052795, 0.6040225625038147, 0.44055747985839844, 0.6082227230072021, 0.6085653305053711, 0.3702177107334137, 0.600237250328064, 0.5982207655906677, 0.43496453762054443, 0.6043568253517151, 0.6083988547325134, 0.3925727903842926, 0.601262629032135, 0.5976861715316772], "val_accuracy": [0.8723999857902527, 0.8392000198364258, 0.8338000178337097, 0.8532000184059143, 0.7793999910354614, 0.7817999720573425, 0.847599983215332, 0.8497999906539917, 0.8496000170707703, 0.817799985408783, 0.8539999723434448, 0.8511999845504761, 0.8479999899864197, 0.819599986076355, 0.8194000124931335, 0.8267999887466431, 0.8392000198364258, 0.8464000225067139, 0.8414000272750854, 0.8485999703407288, 0.8482000231742859, 0.852400004863739, 0.8434000015258789, 0.8407999873161316, 0.8370000123977661, 0.8371999859809875, 0.8410000205039978, 0.8485999703407288, 0.8528000116348267, 0.8521999716758728, 0.8507999777793884, 0.8442000150680542, 0.8471999764442444, 0.8736000061035156, 0.8697999715805054, 0.8697999715805054, 0.7940000295639038, 0.8500000238418579, 0.8471999764442444, 0.8578000068664551, 0.8235999941825867, 0.8158000111579895, 0.847000002861023, 0.829800009727478, 0.8349999785423279, 0.8687999844551086, 0.8424000144004822, 0.8438000082969666, 0.8615999817848206, 0.8723999857902527], "val_loss": [-68.52499389648438, 8.96379566192627, 10.164149284362793, -17.33373260498047, -13.546256065368652, -9.573100090026855, -61.45161819458008, -43.23556900024414, -30.045515060424805, -41.759395599365234, -36.777774810791016, -148.13241577148438, -8.810670852661133, 35.66508483886719, -1360.3824462890625, -25.634532928466797, 10.42502212524414, 11.604665756225586, -57.24892044067383, -8.718358039855957, -9.435734748840332, -23.63087272644043, 5.89258337020874, 5.602607250213623, 41.11974334716797, 10.435688018798828, 10.538239479064941, -61.32999038696289, 9.560419082641602, 10.821369171142578, 8.829048156738281, -200.1214599609375, -38.60609436035156, 14.230167388916016, 9.003201484680176, 10.185251235961914, 65.07315063476562, 6.900666236877441, 7.26888370513916, 17.850997924804688, 9.224546432495117, 8.001044273376465, 13.827939987182617, 4.824090003967285, 4.649203777313232, 24.08589744567871, 335.6422424316406, 65.22330474853516, 15.334620475769043, 13.753302574157715]}