{
    "accuracy": [
        0.8493471741676331,
        0.90625,
        0.8423582315444946,
        0.84375,
        0.8429790139198303,
        0.796875,
        0.844420850276947,
        0.828125,
        0.8465635776519775,
        0.765625,
        0.847324550151825,
        0.875,
        0.8526714444160461,
        0.9375,
        0.8495274186134338,
        0.890625,
        0.8543535470962524,
        0.90625,
        0.8553748726844788,
        0.859375,
        0.8546339273452759,
        0.796875,
        0.8575376272201538,
        0.859375,
        0.8614025712013245,
        0.84375,
        0.8585188984870911,
        0.890625,
        0.8610821962356567,
        0.796875,
        0.8629845976829529,
        0.84375,
        0.8617830872535706,
        0.859375,
        0.8647869229316711,
        0.8125,
        0.8633250594139099,
        0.890625,
        0.8671900033950806,
        0.921875,
        0.8679710030555725,
        0.875,
        0.8670898675918579,
        0.84375,
        0.8683915138244629,
        0.921875,
        0.8698734641075134,
        0.859375,
        0.8702138662338257,
        0.921875
    ],
    "loss": [
        0.8347132802009583,
        0.3214247524738312,
        0.7184705138206482,
        0.3526688814163208,
        0.6923471093177795,
        0.31019827723503113,
        0.6778112649917603,
        0.3537921607494354,
        0.6668167114257812,
        0.36951959133148193,
        0.6577587723731995,
        0.2983516752719879,
        0.6472713351249695,
        0.26734670996665955,
        0.6479885578155518,
        0.27988508343696594,
        0.6349607110023499,
        0.3063920736312866,
        0.6321381330490112,
        0.3029768168926239,
        0.6329300999641418,
        0.3283640146255493,
        0.6249949336051941,
        0.33027729392051697,
        0.6180552244186401,
        0.33778825402259827,
        0.6200807094573975,
        0.2957514524459839,
        0.6132665872573853,
        0.36513751745224,
        0.6113823652267456,
        0.348539799451828,
        0.6130529046058655,
        0.2998868227005005,
        0.607369065284729,
        0.33564019203186035,
        0.6074789762496948,
        0.3362841010093689,
        0.600409984588623,
        0.2697487473487854,
        0.6002113819122314,
        0.28031349182128906,
        0.6020774245262146,
        0.3211793005466461,
        0.5986761450767517,
        0.23678258061408997,
        0.5949292778968811,
        0.29046177864074707,
        0.5937995314598083,
        0.2702834904193878
    ],
    "val_accuracy": [
        0.8271999955177307,
        0.8259999752044678,
        0.8098000288009644,
        0.8087999820709229,
        0.8266000151634216,
        0.8267999887466431,
        0.8098000288009644,
        0.8076000213623047,
        0.8173999786376953,
        0.8166000247001648,
        0.8453999757766724,
        0.8468000292778015,
        0.800599992275238,
        0.7996000051498413,
        0.850600004196167,
        0.849399983882904,
        0.8529999852180481,
        0.8550000190734863,
        0.8396000266075134,
        0.8366000056266785,
        0.8586000204086304,
        0.8578000068664551,
        0.8379999995231628,
        0.8417999744415283,
        0.8569999933242798,
        0.8578000068664551,
        0.8615999817848206,
        0.8644000291824341,
        0.8324000239372253,
        0.8270000219345093,
        0.8636000156402588,
        0.8650000095367432,
        0.8575999736785889,
        0.8586000204086304,
        0.868399977684021,
        0.8709999918937683,
        0.8521999716758728,
        0.852400004863739,
        0.8605999946594238,
        0.8604000210762024,
        0.8611999750137329,
        0.8597999811172485,
        0.8447999954223633,
        0.8432000279426575,
        0.8428000211715698,
        0.8410000205039978,
        0.8745999932289124,
        0.8830000162124634,
        0.8435999751091003,
        0.8468000292778015
    ],
    "val_loss": [
        1.457905650138855,
        1.438777208328247,
        1.7336000204086304,
        1.7247074842453003,
        1.8660262823104858,
        1.8759183883666992,
        2.706362724304199,
        2.65736722946167,
        3.080047369003296,
        3.1217331886291504,
        13.372368812561035,
        16.389917373657227,
        3.134815216064453,
        3.2217772006988525,
        4.757680416107178,
        4.661772727966309,
        7.4684600830078125,
        7.6380839347839355,
        5.811944007873535,
        5.9494147300720215,
        12.680986404418945,
        12.147320747375488,
        4.413331031799316,
        4.489924907684326,
        22.95378875732422,
        18.86686897277832,
        15.832756996154785,
        18.52876853942871,
        9.209643363952637,
        9.235429763793945,
        25.473604202270508,
        30.933677673339844,
        28.610782623291016,
        28.3780460357666,
        60.041404724121094,
        48.85012435913086,
        -31.359195709228516,
        -28.186166763305664,
        133.3668212890625,
        113.69937896728516,
        420.9722595214844,
        408.8175354003906,
        15.914605140686035,
        14.882274627685547,
        9.173596382141113,
        9.226910591125488,
        123.61522674560547,
        -64.19051361083984,
        9.478493690490723,
        9.543268203735352
    ]
}