{"accuracy": [0.4355575144290924, 0.65625, 0.6189923286437988, 0.5625, 0.689963161945343, 0.609375, 0.7235060930252075, 0.796875, 0.7444528937339783, 0.875, 0.7639378309249878, 0.75, 0.7800585031509399, 0.765625, 0.7915531992912292, 0.828125, 0.796799898147583, 0.734375, 0.8053708672523499, 0.875, 0.8121395111083984, 0.75, 0.8160645365715027, 0.796875, 0.8461831212043762, 0.90625, 0.8607617616653442, 0.875, 0.8636655211448669, 0.921875, 0.8703740835189819, 0.84375, 0.872837245464325, 0.90625, 0.8762816190719604, 0.953125, 0.8775632977485657, 0.96875, 0.8813481330871582, 0.8125, 0.8828901052474976, 0.890625, 0.8873357772827148, 0.84375, 0.8873758316040039, 0.9375, 0.8899391293525696, 0.90625, 0.8912007212638855, 0.859375], "loss": [1.73450767993927, 1.226905345916748, 1.1657923460006714, 1.226124882698059, 0.991364598274231, 1.2874828577041626, 0.9147669672966003, 0.7721760869026184, 0.8795499801635742, 0.6213107109069824, 0.8518218994140625, 0.8920528292655945, 0.8374234437942505, 0.8541374206542969, 0.8217285871505737, 0.7284604907035828, 0.8200482726097107, 0.9351645708084106, 0.8130438327789307, 0.6755046844482422, 0.8068038821220398, 1.1535429954528809, 0.8017845153808594, 0.8163011074066162, 0.7128851413726807, 0.5463036894798279, 0.670484721660614, 0.627194881439209, 0.6487338542938232, 0.5364230871200562, 0.6230714321136475, 0.706490159034729, 0.6072126030921936, 0.5224837064743042, 0.5932374000549316, 0.4084959924221039, 0.5807071328163147, 0.3643859028816223, 0.5684008598327637, 0.86260986328125, 0.5577828884124756, 0.5531612634658813, 0.5456616282463074, 0.5697031021118164, 0.5378825664520264, 0.4596516191959381, 0.5269996523857117, 0.4392845332622528, 0.5192550420761108, 0.545299768447876], "val_accuracy": [0.5350000262260437, 0.5491999983787537, 0.6729999780654907, 0.6761999726295471, 0.7228000164031982, 0.7305999994277954, 0.7131999731063843, 0.7052000164985657, 0.7383999824523926, 0.7450000047683716, 0.7788000106811523, 0.7684000134468079, 0.8037999868392944, 0.7996000051498413, 0.8100000023841858, 0.8100000023841858, 0.7860000133514404, 0.7936000227928162, 0.8202000260353088, 0.8163999915122986, 0.7993999719619751, 0.8062000274658203, 0.8014000058174133, 0.8022000193595886, 0.8637999892234802, 0.8632000088691711, 0.868399977684021, 0.8679999709129333, 0.8715999722480774, 0.8712000250816345, 0.8773999810218811, 0.878000020980835, 0.8827999830245972, 0.8835999965667725, 0.8762000203132629, 0.8763999938964844, 0.8855999708175659, 0.8855999708175659, 0.8848000168800354, 0.8845999836921692, 0.8841999769210815, 0.8844000101089478, 0.885200023651123, 0.8853999972343445, 0.8812000155448914, 0.881600022315979, 0.8853999972343445, 0.8855999708175659, 0.8863999843597412, 0.8867999911308289], "val_loss": [1.4453614950180054, 1.3817956447601318, 1.0660055875778198, 1.036578893661499, 0.9197431802749634, 0.9096744060516357, 0.9840825200080872, 1.008731484413147, 0.9138087630271912, 0.9046855568885803, 0.8446046113967896, 0.8686698079109192, 0.7804276347160339, 0.7863021492958069, 0.7808939814567566, 0.7844575047492981, 0.8709316253662109, 0.8523801565170288, 0.7855151295661926, 0.7920307517051697, 0.8670721650123596, 0.8428494930267334, 0.8499529361724854, 0.8468193411827087, 0.667905867099762, 0.6682784557342529, 0.6470082402229309, 0.6463135480880737, 0.6346799731254578, 0.6351913213729858, 0.617127001285553, 0.6163506507873535, 0.5948680639266968, 0.5949298739433289, 0.6014723181724548, 0.6017314195632935, 0.5760776400566101, 0.5768949389457703, 0.5776107311248779, 0.5776867866516113, 0.5673134326934814, 0.5667855143547058, 0.5723663568496704, 0.5725889205932617, 0.5746719837188721, 0.5755346417427063, 0.5568550229072571, 0.5573204755783081, 0.5520898699760437, 0.551796555519104], "learning_rate": [0.0010000000474974513, 0.0010000000474974513, 0.0010000000474974513, 0.0010000000474974513, 0.0010000000474974513, 0.0010000000474974513, 0.0010000000474974513, 0.0010000000474974513, 0.0010000000474974513, 0.0010000000474974513, 0.0010000000474974513, 0.0010000000474974513, 0.0010000000474974513, 0.0010000000474974513, 0.0010000000474974513, 0.0010000000474974513, 0.0010000000474974513, 0.0010000000474974513, 0.0010000000474974513, 0.0010000000474974513, 0.0010000000474974513, 0.0010000000474974513, 0.0010000000474974513, 0.00010000000474974513, 0.00010000000474974513, 0.00010000000474974513, 0.00010000000474974513, 0.00010000000474974513, 0.00010000000474974513, 0.00010000000474974513, 0.00010000000474974513, 0.00010000000474974513, 0.00010000000474974513, 0.00010000000474974513, 0.00010000000474974513, 0.00010000000474974513, 0.00010000000474974513, 0.00010000000474974513, 0.00010000000474974513, 0.00010000000474974513, 0.00010000000474974513, 0.00010000000474974513, 0.00010000000474974513, 0.00010000000474974513, 0.00010000000474974513, 0.00010000000474974513, 0.00010000000474974513, 0.00010000000474974513, 0.00010000000474974513, 0.00010000000474974513]}