{"accuracy": [0.4419657289981842, 0.546875, 0.6173101663589478, 0.71875, 0.6839554905891418, 0.65625, 0.721503496170044, 0.703125, 0.7479373812675476, 0.71875, 0.7644184827804565, 0.75, 0.7803788781166077, 0.890625, 0.7936758995056152, 0.796875, 0.7995033860206604, 0.78125, 0.8102371096611023, 0.828125, 0.8116989731788635, 0.671875, 0.8457625508308411, 0.828125, 0.8564162254333496, 0.890625, 0.8653275966644287, 0.875, 0.870934784412384, 0.875, 0.8713753819465637, 0.765625, 0.8746395111083984, 0.859375, 0.8784844875335693, 0.875, 0.8803268074989319, 0.8125, 0.8838313221931458, 0.84375, 0.8839514851570129, 0.84375, 0.8881167769432068, 0.921875, 0.8877763748168945, 0.90625, 0.8908803462982178, 0.890625, 0.891521155834198, 0.875], "loss": [1.7347652912139893, 1.2401916980743408, 1.1715459823608398, 0.8870895504951477, 1.0039881467819214, 1.1236279010772705, 0.9219053387641907, 1.0112051963806152, 0.865770697593689, 0.8583273887634277, 0.8498422503471375, 0.7940772771835327, 0.8314833045005798, 0.5889368057250977, 0.8152151703834534, 0.788144588470459, 0.812050461769104, 0.7209926843643188, 0.7977085709571838, 0.7571551203727722, 0.8033504486083984, 1.1033687591552734, 0.7106122970581055, 0.7464923858642578, 0.6691258549690247, 0.5423640608787537, 0.6402274370193481, 0.6617568731307983, 0.6177260875701904, 0.6159642934799194, 0.606559157371521, 0.8120862245559692, 0.5916659832000732, 0.5821955800056458, 0.5774945616722107, 0.5486397743225098, 0.563723623752594, 0.6805918216705322, 0.5514668226242065, 0.6248682737350464, 0.5463241338729858, 0.5787672996520996, 0.5285528302192688, 0.434291809797287, 0.5261294841766357, 0.4366389811038971, 0.514889121055603, 0.5583956241607666, 0.5108636021614075, 0.4727736711502075], "val_accuracy": [0.5857999920845032, 0.5631999969482422, 0.5989999771118164, 0.6172000169754028, 0.7516000270843506, 0.7477999925613403, 0.7324000000953674, 0.7283999919891357, 0.6941999793052673, 0.6872000098228455, 0.7924000024795532, 0.7960000038146973, 0.751800000667572, 0.75, 0.8032000064849854, 0.7991999983787537, 0.7224000096321106, 0.7427999973297119, 0.7522000074386597, 0.7595999836921692, 0.8112000226974487, 0.8133999705314636, 0.8640000224113464, 0.8637999892234802, 0.8737999796867371, 0.8737999796867371, 0.8744000196456909, 0.8736000061035156, 0.8727999925613403, 0.8730000257492065, 0.8766000270843506, 0.8763999938964844, 0.870199978351593, 0.8700000047683716, 0.8762000203132629, 0.8763999938964844, 0.878000020980835, 0.8772000074386597, 0.878600001335144, 0.8787999749183655, 0.8873999714851379, 0.8870000243186951, 0.8881999850273132, 0.8880000114440918, 0.8859999775886536, 0.8858000040054321, 0.8871999979019165, 0.8870000243186951, 0.8880000114440918, 0.8876000046730042], "val_loss": [1.2925629615783691, 1.3532825708389282, 1.3293392658233643, 1.2445762157440186, 0.8383995890617371, 0.8411188721656799, 0.9103297591209412, 0.9201583862304688, 1.109256386756897, 1.1424238681793213, 0.7932255268096924, 0.7804361581802368, 0.9592300057411194, 0.9699611067771912, 0.8125484585762024, 0.8263219594955444, 1.1154593229293823, 1.0433224439620972, 1.0417922735214233, 1.0116174221038818, 0.8153344988822937, 0.8124730587005615, 0.6587940454483032, 0.6591806411743164, 0.6318819522857666, 0.6323394775390625, 0.6330208778381348, 0.6337242126464844, 0.6252890825271606, 0.6256217360496521, 0.5983091592788696, 0.5992697477340698, 0.6221123337745667, 0.6212623119354248, 0.593277633190155, 0.5936411023139954, 0.5918885469436646, 0.5915118455886841, 0.588897168636322, 0.5888146758079529, 0.5558581352233887, 0.5563318133354187, 0.5580002069473267, 0.557437539100647, 0.5613459348678589, 0.5617244243621826, 0.5463849306106567, 0.5475034713745117, 0.5479164719581604, 0.5482303500175476], "learning_rate": [0.0010000000474974513, 0.0010000000474974513, 0.0010000000474974513, 0.0010000000474974513, 0.0010000000474974513, 0.0010000000474974513, 0.0010000000474974513, 0.0010000000474974513, 0.0010000000474974513, 0.0010000000474974513, 0.0010000000474974513, 0.0010000000474974513, 0.0010000000474974513, 0.0010000000474974513, 0.0010000000474974513, 0.0010000000474974513, 0.0010000000474974513, 0.0010000000474974513, 0.0010000000474974513, 0.0010000000474974513, 0.0010000000474974513, 0.0010000000474974513, 0.00010000000474974513, 0.00010000000474974513, 0.00010000000474974513, 0.00010000000474974513, 0.00010000000474974513, 0.00010000000474974513, 0.00010000000474974513, 0.00010000000474974513, 0.00010000000474974513, 0.00010000000474974513, 0.00010000000474974513, 0.00010000000474974513, 0.00010000000474974513, 0.00010000000474974513, 0.00010000000474974513, 0.00010000000474974513, 0.00010000000474974513, 0.00010000000474974513, 0.00010000000474974513, 0.00010000000474974513, 0.00010000000474974513, 0.00010000000474974513, 0.00010000000474974513, 0.00010000000474974513, 0.00010000000474974513, 0.00010000000474974513, 0.00010000000474974513, 0.00010000000474974513]}