{
    "accuracy": [
        0.42910924553871155,
        0.53125,
        0.614666759967804,
        0.640625,
        0.6841356754302979,
        0.65625,
        0.7241268754005432,
        0.71875,
        0.7471363544464111,
        0.875,
        0.7675224542617798,
        0.65625,
        0.7794977426528931,
        0.765625,
        0.7879084944725037,
        0.8125,
        0.798742413520813,
        0.734375,
        0.8064122200012207,
        0.828125,
        0.8123397827148438,
        0.953125,
        0.8205903768539429,
        0.8125,
        0.851730227470398,
        0.75,
        0.8629044890403748,
        0.828125,
        0.8662087321281433,
        0.84375,
        0.871715784072876,
        0.9375,
        0.8730775117874146,
        0.875,
        0.8795658349990845,
        0.875,
        0.8817886710166931,
        0.90625,
        0.881748616695404,
        0.890625,
        0.8872156143188477,
        0.90625,
        0.8862344026565552,
        0.890625,
        0.888276994228363,
        0.890625,
        0.8879765868186951,
        0.9375,
        0.893683910369873,
        0.84375
    ],
    "loss": [
        1.7667384147644043,
        1.4422281980514526,
        1.1810693740844727,
        1.0101664066314697,
        1.006090521812439,
        1.0596296787261963,
        0.914555549621582,
        0.8907076120376587,
        0.8777986764907837,
        0.5833092927932739,
        0.8458897471427917,
        1.0426660776138306,
        0.830920398235321,
        0.9927476644515991,
        0.8266910314559937,
        0.7897820472717285,
        0.8170966506004333,
        0.8895226120948792,
        0.8083096146583557,
        0.6794253587722778,
        0.8029081225395203,
        0.5712857246398926,
        0.7963951826095581,
        0.8132526874542236,
        0.7003563046455383,
        0.9134113788604736,
        0.6622676849365234,
        0.6824015974998474,
        0.6407143473625183,
        0.591833770275116,
        0.6174997091293335,
        0.4426334500312805,
        0.607478141784668,
        0.5799477100372314,
        0.5862613320350647,
        0.5042638182640076,
        0.5727208852767944,
        0.5042205452919006,
        0.5613131523132324,
        0.5704156756401062,
        0.5477535128593445,
        0.5733089447021484,
        0.5413205027580261,
        0.494190514087677,
        0.5318435430526733,
        0.5553743243217468,
        0.5263552665710449,
        0.4474446177482605,
        0.5101605653762817,
        0.7195325493812561
    ],
    "val_accuracy": [
        0.5809999704360962,
        0.5934000015258789,
        0.6614000201225281,
        0.6650000214576721,
        0.6758000254631042,
        0.6686000227928162,
        0.6773999929428101,
        0.6840000152587891,
        0.7491999864578247,
        0.746999979019165,
        0.7128000259399414,
        0.7093999981880188,
        0.8086000084877014,
        0.8173999786376953,
        0.7940000295639038,
        0.7928000092506409,
        0.6913999915122986,
        0.6898000240325928,
        0.7983999848365784,
        0.7964000105857849,
        0.8122000098228455,
        0.8172000050544739,
        0.7996000051498413,
        0.8090000152587891,
        0.870199978351593,
        0.8705999851226807,
        0.8691999912261963,
        0.8691999912261963,
        0.8733999729156494,
        0.8737999796867371,
        0.878000020980835,
        0.8781999945640564,
        0.8805999755859375,
        0.8808000087738037,
        0.8769999742507935,
        0.8769999742507935,
        0.871999979019165,
        0.8715999722480774,
        0.8826000094413757,
        0.8826000094413757,
        0.8845999836921692,
        0.8845999836921692,
        0.8781999945640564,
        0.8791999816894531,
        0.8820000290870667,
        0.8813999891281128,
        0.8820000290870667,
        0.8820000290870667,
        0.8863999843597412,
        0.8863999843597412
    ],
    "val_loss": [
        1.258812665939331,
        1.2389835119247437,
        1.0914087295532227,
        1.0885741710662842,
        1.0860512256622314,
        1.109648585319519,
        1.0572181940078735,
        1.0327669382095337,
        0.9140818119049072,
        0.9156296849250793,
        1.0719852447509766,
        1.0926411151885986,
        0.7823526263237,
        0.7597014904022217,
        0.8417003750801086,
        0.8432221412658691,
        1.2041552066802979,
        1.2079052925109863,
        0.8583733439445496,
        0.8692694306373596,
        0.8282253742218018,
        0.8175233006477356,
        0.8958784341812134,
        0.8658731579780579,
        0.6576299071311951,
        0.6565954089164734,
        0.6536749601364136,
        0.653651237487793,
        0.6336101293563843,
        0.6333562731742859,
        0.6165019869804382,
        0.6167395114898682,
        0.5984036922454834,
        0.5979479551315308,
        0.604600727558136,
        0.6047769784927368,
        0.6245665550231934,
        0.6247028112411499,
        0.5821307301521301,
        0.5826125741004944,
        0.56980961561203,
        0.5695652365684509,
        0.5694494843482971,
        0.5694591403007507,
        0.565650463104248,
        0.5652375221252441,
        0.5574073791503906,
        0.557831346988678,
        0.5441210269927979,
        0.5441309809684753
    ],
    "learning_rate": [
        0.0010000000474974513,
        0.0010000000474974513,
        0.0010000000474974513,
        0.0010000000474974513,
        0.0010000000474974513,
        0.0010000000474974513,
        0.0010000000474974513,
        0.0010000000474974513,
        0.0010000000474974513,
        0.0010000000474974513,
        0.0010000000474974513,
        0.0010000000474974513,
        0.0010000000474974513,
        0.0010000000474974513,
        0.0010000000474974513,
        0.0010000000474974513,
        0.0010000000474974513,
        0.0010000000474974513,
        0.0010000000474974513,
        0.0010000000474974513,
        0.0010000000474974513,
        0.0010000000474974513,
        0.0010000000474974513,
        0.0010000000474974513,
        0.00010000000474974513,
        0.00010000000474974513,
        0.00010000000474974513,
        0.00010000000474974513,
        0.00010000000474974513,
        0.00010000000474974513,
        0.00010000000474974513,
        0.00010000000474974513,
        0.00010000000474974513,
        0.00010000000474974513,
        0.00010000000474974513,
        0.00010000000474974513,
        0.00010000000474974513,
        0.00010000000474974513,
        0.00010000000474974513,
        0.00010000000474974513,
        0.00010000000474974513,
        0.00010000000474974513,
        0.00010000000474974513,
        0.00010000000474974513,
        0.00010000000474974513,
        0.00010000000474974513,
        0.00010000000474974513,
        0.00010000000474974513,
        0.00010000000474974513,
        0.00010000000474974513
    ]
}