{
    "accuracy": [0.42866870760917664, 0.578125, 0.6090996265411377, 0.65625, 0.6819729208946228, 0.75, 0.7198414206504822, 0.734375, 0.7485982179641724, 0.78125, 0.7680631279945374, 0.765625, 0.7801986336708069, 0.78125, 0.7894505262374878, 0.875, 0.7970802783966064, 0.875, 0.8075135946273804, 0.84375, 0.8126602172851562, 0.671875, 0.8170658349990845, 0.828125, 0.8245354294776917, 0.796875, 0.8263376951217651, 0.796875, 0.8315043449401855, 0.8125, 0.8600208163261414, 0.875, 0.8694128394126892, 0.765625, 0.8754205107688904, 0.890625, 0.8800864815711975, 0.890625, 0.8817686438560486, 0.8125, 0.8859139680862427, 0.921875, 0.8896587491035461, 0.890625, 0.8906199932098389, 0.859375, 0.8935036659240723, 0.921875, 0.8941044807434082, 0.84375], 
    "loss": [1.7715030908584595, 1.3792234659194946, 1.1870217323303223, 1.1793276071548462, 1.006744384765625, 0.926257848739624, 0.9334163069725037, 0.9846592545509338, 0.8775568008422852, 0.7661064267158508, 0.8495287895202637, 0.7898866534233093, 0.8350272178649902, 0.7389651536941528, 0.8275691270828247, 0.5717863440513611, 0.8190709948539734, 0.8013885021209717, 0.8113836646080017, 0.7029500603675842, 0.8088759183883667, 1.1496285200119019, 0.8057785034179688, 0.7622079253196716, 0.7915279269218445, 0.848654568195343, 0.7862052321434021, 0.765589714050293, 0.7885079383850098, 0.7865044474601746, 0.7010546326637268, 0.6719515323638916, 0.6579617261886597, 0.7803810834884644, 0.6360273361206055, 0.6273776888847351, 0.6178954243659973, 0.524520754814148, 0.6063690185546875, 0.7244753241539001, 0.5856630206108093, 0.5056588649749756, 0.5707868337631226, 0.6223821043968201, 0.5610660910606384, 0.7119107842445374, 0.5492842793464661, 0.51385897397995, 0.5390942096710205, 0.7627984881401062], 
    "val_accuracy": [0.5508000254631042, 0.555400013923645, 0.6553999781608582, 0.6416000127792358, 0.6362000107765198, 0.6194000244140625, 0.7544000148773193, 0.7567999958992004, 0.7811999917030334, 0.7850000262260437, 0.7960000038146973, 0.7947999835014343, 0.7343999743461609, 0.7328000068664551, 0.8113999962806702, 0.8113999962806702, 0.776199996471405, 0.7746000289916992, 0.8381999731063843, 0.8399999737739563, 0.7870000004768372, 0.79339998960495, 0.8220000267028809, 0.8205999732017517, 0.8176000118255615, 0.8127999901771545, 0.8500000238418579, 0.848800003528595, 0.8241999745368958, 0.8185999989509583, 0.8723999857902527, 0.8726000189781189, 0.8722000122070312, 0.8726000189781189, 0.8722000122070312, 0.8722000122070312, 0.8772000074386597, 0.8772000074386597, 0.8784000277519226, 0.878600001335144, 0.8781999945640564, 0.878000020980835, 0.8863999843597412, 0.8862000107765198, 0.8853999972343445, 0.8848000168800354, 0.892799973487854, 0.8931999802589417, 0.8840000033378601, 0.8845999836921692], 
    "val_loss": [1.3900258541107178, 1.374956488609314, 1.0748984813690186, 1.1107165813446045, 1.198564887046814, 1.2640570402145386, 0.8612849712371826, 0.8540484309196472, 0.809379518032074, 0.798742413520813, 0.797484278678894, 0.7923877835273743, 0.9918153285980225, 0.9902631044387817, 0.7941076755523682, 0.7873103618621826, 0.9335022568702698, 0.9431688189506531, 0.7474056482315063, 0.738226592540741, 0.9196838140487671, 0.9035728573799133, 0.8250126242637634, 0.8334910273551941, 0.8299599885940552, 0.8488348722457886, 0.74312424659729, 0.7448222637176514, 0.8317434787750244, 0.8458951115608215, 0.6635969877243042, 0.6639912128448486, 0.6556478142738342, 0.6554465293884277, 0.6550866365432739, 0.6556189060211182, 0.6309486031532288, 0.6312416791915894, 0.615058958530426, 0.615363597869873, 0.6124714612960815, 0.6122799515724182, 0.591414749622345, 0.5913820862770081, 0.5853433012962341, 0.5852074027061462, 0.5610513687133789, 0.5608832240104675, 0.5763668417930603, 0.5762519240379333], "learning_rate": [0.0010000000474974513, 0.0010000000474974513, 0.0010000000474974513, 0.0010000000474974513, 0.0010000000474974513, 0.0010000000474974513, 0.0010000000474974513, 0.0010000000474974513, 0.0010000000474974513, 0.0010000000474974513, 0.0010000000474974513, 0.0010000000474974513, 0.0010000000474974513, 0.0010000000474974513, 0.0010000000474974513, 0.0010000000474974513, 0.0010000000474974513, 0.0010000000474974513, 0.0010000000474974513, 0.0010000000474974513, 0.0010000000474974513, 0.0010000000474974513, 0.0010000000474974513, 0.0010000000474974513, 0.0010000000474974513, 0.0010000000474974513, 0.0010000000474974513, 0.0010000000474974513, 0.0010000000474974513, 0.0010000000474974513, 0.00010000000474974513, 0.00010000000474974513, 0.00010000000474974513, 0.00010000000474974513, 0.00010000000474974513, 0.00010000000474974513, 0.00010000000474974513, 0.00010000000474974513, 0.00010000000474974513, 0.00010000000474974513, 0.00010000000474974513, 0.00010000000474974513, 0.00010000000474974513, 0.00010000000474974513, 0.00010000000474974513, 0.00010000000474974513, 0.00010000000474974513, 0.00010000000474974513, 0.00010000000474974513, 0.00010000000474974513]
}