{"accuracy": [0.9049984216690063], "loss": [0.46411219239234924], "val_accuracy": [0.8870000243186951], "val_loss": [0.5223090052604675], "learning_rate": [0.00010000000474974513]}