{
    "accuracy": [
        0.36710989475250244,
        0.375,
        0.4951137602329254,
        0.546875,
        0.559516191482544,
        0.53125,
        0.6028516292572021,
        0.625,
        0.6305070519447327,
        0.578125,
        0.6492910981178284,
        0.734375,
        0.6618672013282776,
        0.71875,
        0.6749839782714844,
        0.59375,
        0.6902034878730774,
        0.65625,
        0.6977130770683289,
        0.734375,
        0.7041012644767761,
        0.703125,
        0.7086670994758606,
        0.71875,
        0.7156760692596436,
        0.703125,
        0.7204221487045288,
        0.75,
        0.724827766418457,
        0.734375,
        0.728111982345581,
        0.625,
        0.7303948998451233,
        0.796875,
        0.7352010607719421,
        0.828125,
        0.73918616771698,
        0.8125,
        0.7399871945381165,
        0.640625,
        0.7544256448745728,
        0.765625,
        0.7631368041038513,
        0.828125,
        0.7649591565132141,
        0.78125,
        0.7683435082435608,
        0.78125,
        0.7658002376556396,
        0.78125
    ],
    "loss": [
        1.8840510845184326,
        1.7964775562286377,
        1.4101297855377197,
        1.2794227600097656,
        1.2468863725662231,
        1.3618109226226807,
        1.1359944343566895,
        1.1185425519943237,
        1.0715917348861694,
        1.1999776363372803,
        1.0198018550872803,
        0.8178979158401489,
        0.9917038083076477,
        0.8045846223831177,
        0.9612773656845093,
        1.2109557390213013,
        0.9282076358795166,
        0.9603665471076965,
        0.9112021327018738,
        0.8582028150558472,
        0.8925735950469971,
        0.8649756908416748,
        0.8804314732551575,
        0.8253422379493713,
        0.8623449206352234,
        0.9850918054580688,
        0.85162752866745,
        0.8329315185546875,
        0.846045732498169,
        0.8655120134353638,
        0.8392025232315063,
        1.0940861701965332,
        0.8327259421348572,
        0.6742379665374756,
        0.8206135630607605,
        0.6019755601882935,
        0.8135061264038086,
        0.7575598955154419,
        0.8086148500442505,
        1.1028213500976562,
        0.7682114243507385,
        0.7416717410087585,
        0.7435460090637207,
        0.5787039995193481,
        0.7385199069976807,
        0.6454968452453613,
        0.7369452714920044,
        0.6729449033737183,
        0.7295812964439392,
        0.5979462265968323
    ],
    "val_accuracy": [
        0.45660001039505005,
        0.45559999346733093,
        0.5424000024795532,
        0.5460000038146973,
        0.5745999813079834,
        0.579200029373169,
        0.633400022983551,
        0.626800000667572,
        0.6904000043869019,
        0.6905999779701233,
        0.6880000233650208,
        0.6869999766349792,
        0.6462000012397766,
        0.6398000121116638,
        0.7146000266075134,
        0.7143999934196472,
        0.7077999711036682,
        0.7092000246047974,
        0.6651999950408936,
        0.675000011920929,
        0.7131999731063843,
        0.7080000042915344,
        0.7350000143051147,
        0.7382000088691711,
        0.75,
        0.7490000128746033,
        0.701200008392334,
        0.7085999846458435,
        0.7785999774932861,
        0.7806000113487244,
        0.7512000203132629,
        0.7477999925613403,
        0.7423999905586243,
        0.7445999979972839,
        0.7598000168800354,
        0.7581999897956848,
        0.7702000141143799,
        0.76419997215271,
        0.7612000107765198,
        0.7617999911308289,
        0.7735999822616577,
        0.7734000086784363,
        0.784600019454956,
        0.7839999794960022,
        0.7875999808311462,
        0.7875999808311462,
        0.7942000031471252,
        0.7943999767303467,
        0.7814000248908997,
        0.7806000113487244
    ],
    "val_loss": [
        1.551956295967102,
        1.5582062005996704,
        1.3768374919891357,
        1.3671939373016357,
        1.2838565111160278,
        1.253263235092163,
        1.0641252994537354,
        1.085096836090088,
        0.9350798726081848,
        0.9271104335784912,
        0.935011625289917,
        0.9397222399711609,
        1.091484546661377,
        1.1070313453674316,
        0.8681747913360596,
        0.8678873181343079,
        0.9502658247947693,
        0.9367156028747559,
        1.0899455547332764,
        1.0565478801727295,
        0.8966585993766785,
        0.9083240032196045,
        0.815412163734436,
        0.8060077428817749,
        0.7782126665115356,
        0.7837643623352051,
        0.9983170032501221,
        0.9691473841667175,
        0.7116556167602539,
        0.7056581377983093,
        0.7794870734214783,
        0.7932011485099792,
        0.8321900367736816,
        0.8304064273834229,
        0.7681297659873962,
        0.7706732749938965,
        0.7471623420715332,
        0.7629488706588745,
        0.7698835730552673,
        0.7699755430221558,
        0.7233960032463074,
        0.7245083451271057,
        0.6904241442680359,
        0.6907364726066589,
        0.6756482124328613,
        0.6753785610198975,
        0.6677428483963013,
        0.6683045625686646,
        0.7053911685943604,
        0.7050588130950928
    ],
    "learning_rate": [
        0.0010000000474974513,
        0.0010000000474974513,
        0.0010000000474974513,
        0.0010000000474974513,
        0.0010000000474974513,
        0.0010000000474974513,
        0.0010000000474974513,
        0.0010000000474974513,
        0.0010000000474974513,
        0.0010000000474974513,
        0.0010000000474974513,
        0.0010000000474974513,
        0.0010000000474974513,
        0.0010000000474974513,
        0.0010000000474974513,
        0.0010000000474974513,
        0.0010000000474974513,
        0.0010000000474974513,
        0.0010000000474974513,
        0.0010000000474974513,
        0.0010000000474974513,
        0.0010000000474974513,
        0.0010000000474974513,
        0.0010000000474974513,
        0.0010000000474974513,
        0.0010000000474974513,
        0.0010000000474974513,
        0.0010000000474974513,
        0.0010000000474974513,
        0.0010000000474974513,
        0.0010000000474974513,
        0.0010000000474974513,
        0.0010000000474974513,
        0.0010000000474974513,
        0.0010000000474974513,
        0.0010000000474974513,
        0.0010000000474974513,
        0.0010000000474974513,
        0.0010000000474974513,
        0.0010000000474974513,
        0.00010000000474974513,
        0.00010000000474974513,
        0.00010000000474974513,
        0.00010000000474974513,
        0.00010000000474974513,
        0.00010000000474974513,
        0.00010000000474974513,
        0.00010000000474974513,
        0.00010000000474974513,
        0.00010000000474974513
    ]
}