{"accuracy": [0.8692708611488342, 0.8630780577659607, 0.8671875, 0.8632385730743408, 0.8605769276618958, 0.8515625, 0.8633590340614319, 0.865705132484436, 0.875, 0.8675337433815002, 0.860897421836853, 0.8984375, 0.8663060665130615, 0.8667308688163757, 0.890625, 0.8684569597244263, 0.8669871687889099, 0.7421875, 0.8685497045516968, 0.8708252906799316, 0.9140625, 0.873193621635437, 0.8697916865348816, 0.828125, 0.8671875, 0.8703436255455017, 0.8828125, 0.8759615421295166, 0.8727520704269409, 0.8828125, 0.8723958134651184, 0.869540810585022, 0.84375, 0.8741168975830078, 0.8739984035491943, 0.8828125, 0.8700320720672607, 0.8699823617935181, 0.8828125, 0.8730769157409668, 0.8745985627174377, 0.875, 0.8764022588729858, 0.8743175864219666, 0.84375, 0.8776041865348816, 0.8758831024169922, 0.875, 0.8733974099159241, 0.8764049410820007], "loss": [0.7450689673423767, 0.7014923095703125, 0.43277230858802795, 0.6804217100143433, 0.6703096032142639, 0.43040263652801514, 0.65873122215271, 0.6424827575683594, 0.4178045690059662, 0.6303165555000305, 0.6361353993415833, 0.3963674306869507, 0.6266985535621643, 0.6191876530647278, 0.39373818039894104, 0.6155787706375122, 0.6133005023002625, 0.5233420729637146, 0.6108105182647705, 0.611111044883728, 0.3448241949081421, 0.6024823188781738, 0.6057649850845337, 0.4266417324542999, 0.6018147468566895, 0.5972208380699158, 0.3922623097896576, 0.5921530723571777, 0.5910969376564026, 0.34892693161964417, 0.5914621353149414, 0.5968912243843079, 0.3887311518192291, 0.5882253646850586, 0.5879648923873901, 0.3739898204803467, 0.5934708714485168, 0.5890010595321655, 0.3783712387084961, 0.5862502455711365, 0.5815258622169495, 0.4085312783718109, 0.5797486305236816, 0.5818544626235962, 0.44310927391052246, 0.580778181552887, 0.5792340636253357, 0.3563661575317383, 0.5819815397262573, 0.5787646770477295], "val_accuracy": [0.850600004196167, 0.8497999906539917, 0.8550000190734863, 0.8398000001907349, 0.868399977684021, 0.8636000156402588, 0.8227999806404114, 0.8525999784469604, 0.8515999913215637, 0.8460000157356262, 0.8550000190734863, 0.8555999994277954, 0.853600025177002, 0.86080002784729, 0.8605999946594238, 0.8417999744415283, 0.8626000285148621, 0.8568000197410583, 0.8611999750137329, 0.8453999757766724, 0.8411999940872192, 0.8823999762535095, 0.8518000245094299, 0.8583999872207642, 0.8238000273704529, 0.8011999726295471, 0.8023999929428101, 0.8274000287055969, 0.8525999784469604, 0.8546000123023987, 0.8715999722480774, 0.8669999837875366, 0.8682000041007996, 0.8312000036239624, 0.8596000075340271, 0.8622000217437744, 0.8640000224113464, 0.850600004196167, 0.8468000292778015, 0.8614000082015991, 0.8629999756813049, 0.8586000204086304, 0.8587999939918518, 0.8136000037193298, 0.8148000240325928, 0.8618000149726868, 0.8238000273704529, 0.8320000171661377, 0.8546000123023987, 0.8379999995231628], "val_loss": [8.75806713104248, 4.704376220703125, 5.086434364318848, 5.19706916809082, 14.231806755065918, 16.535377502441406, 1008.7095336914062, 21.986547470092773, 29.31122398376465, 7.446628570556641, 9.364532470703125, 10.452713012695312, 205.39268493652344, 11.013999938964844, 10.521526336669922, 9.393757820129395, 102.25662994384766, -71.4247055053711, 13.508769989013672, 23.97690773010254, 21.620990753173828, 73.9762191772461, 24.321802139282227, 29.14312744140625, 14.732282638549805, 9.417051315307617, 8.957082748413086, 22.894020080566406, 35.034950256347656, 35.40999984741211, 12.726412773132324, 17.26021385192871, 24.15605926513672, 6.050432205200195, 9.972855567932129, 11.22840404510498, 9.512106895446777, 87.619384765625, 128.43310546875, 11.284823417663574, 9.795251846313477, 9.692654609680176, 33.68600082397461, 7.23220157623291, 7.517656326293945, 16.720083236694336, 12.698978424072266, 14.708063125610352, 8.105728149414062, 12.334969520568848]}