{
    "accuracy": [
        0.8448013663291931,
        0.75,
        0.8397348523139954,
        0.828125,
        0.837712287902832,
        0.890625,
        0.8410565257072449,
        0.78125,
        0.8436999320983887,
        0.84375,
        0.8501682281494141,
        0.875,
        0.8504886031150818,
        0.828125,
        0.8485862016677856,
        0.84375,
        0.8528916835784912,
        0.8125,
        0.8537127375602722,
        0.8125,
        0.8555551171302795,
        0.828125,
        0.8561758995056152,
        0.90625,
        0.8564562797546387,
        0.890625,
        0.8617430329322815,
        0.796875,
        0.8589594960212708,
        0.859375,
        0.8625640869140625,
        0.921875,
        0.8632850050926208,
        0.921875,
        0.8634452223777771,
        0.875,
        0.8652675151824951,
        0.9375,
        0.8639057874679565,
        0.90625,
        0.8654277324676514,
        0.84375,
        0.8666293025016785,
        0.921875,
        0.8667694926261902,
        0.78125,
        0.8697933554649353,
        0.84375,
        0.8713353276252747,
        0.8125
    ],
    "loss": [
        0.8269538283348083,
        0.4168654680252075,
        0.7160456776618958,
        0.37788304686546326,
        0.692172110080719,
        0.2845562994480133,
        0.6751139163970947,
        0.38978180289268494,
        0.6644687056541443,
        0.30151522159576416,
        0.6497424244880676,
        0.3276222050189972,
        0.644539475440979,
        0.31909415125846863,
        0.642670214176178,
        0.31898999214172363,
        0.634261429309845,
        0.36697494983673096,
        0.6309412121772766,
        0.3146668076515198,
        0.6240950226783752,
        0.32729750871658325,
        0.6214250922203064,
        0.272052526473999,
        0.6197010278701782,
        0.2844923734664917,
        0.6120728254318237,
        0.35625532269477844,
        0.6135678887367249,
        0.28499650955200195,
        0.6092378497123718,
        0.2665266692638397,
        0.6062391996383667,
        0.2763603627681732,
        0.600949227809906,
        0.26716166734695435,
        0.6011707186698914,
        0.3071720004081726,
        0.6023669242858887,
        0.2901802062988281,
        0.599148690700531,
        0.33504027128219604,
        0.5976555347442627,
        0.2745117247104645,
        0.5958287715911865,
        0.39173030853271484,
        0.5911985039710999,
        0.2928280234336853,
        0.587831437587738,
        0.3672493100166321
    ],
    "val_accuracy": [
        0.8127999901771545,
        0.8122000098228455,
        0.8357999920845032,
        0.8367999792098999,
        0.8285999894142151,
        0.8267999887466431,
        0.847599983215332,
        0.8479999899864197,
        0.8294000029563904,
        0.8248000144958496,
        0.8514000177383423,
        0.8510000109672546,
        0.8166000247001648,
        0.8158000111579895,
        0.8604000210762024,
        0.8592000007629395,
        0.8356000185012817,
        0.8385999798774719,
        0.8575999736785889,
        0.8596000075340271,
        0.8367999792098999,
        0.8410000205039978,
        0.8565999865531921,
        0.8539999723434448,
        0.8335999846458435,
        0.8352000117301941,
        0.859000027179718,
        0.8575999736785889,
        0.8080000281333923,
        0.8032000064849854,
        0.8356000185012817,
        0.8325999975204468,
        0.8342000246047974,
        0.8343999981880188,
        0.8453999757766724,
        0.8456000089645386,
        0.8429999947547913,
        0.843999981880188,
        0.857200026512146,
        0.8560000061988831,
        0.8533999919891357,
        0.8507999777793884,
        0.8655999898910522,
        0.866599977016449,
        0.8626000285148621,
        0.8610000014305115,
        0.8676000237464905,
        0.8676000237464905,
        0.8659999966621399,
        0.8650000095367432
    ],
    "val_loss": [
        4.609022617340088,
        4.4622111320495605,
        4.527674198150635,
        4.886454105377197,
        11.228317260742188,
        10.908185958862305,
        5.93336820602417,
        5.545628547668457,
        5.984519958496094,
        5.764362335205078,
        9.181358337402344,
        9.297859191894531,
        5.567134380340576,
        5.601319313049316,
        19.589778900146484,
        21.397869110107422,
        4.948066711425781,
        5.245697975158691,
        6.666661262512207,
        6.920912742614746,
        5.738519668579102,
        6.11186408996582,
        10.53471851348877,
        10.865031242370605,
        4.168346405029297,
        4.101965427398682,
        7.069106101989746,
        6.885311603546143,
        6.045352458953857,
        6.019542217254639,
        12.039891242980957,
        11.98161506652832,
        5.924056053161621,
        5.919780254364014,
        13.353073120117188,
        14.349724769592285,
        5.889220237731934,
        5.89935302734375,
        11.184030532836914,
        11.27877426147461,
        9.41734504699707,
        8.991031646728516,
        16.57841682434082,
        17.481386184692383,
        8.611223220825195,
        7.939990043640137,
        8.332925796508789,
        7.946116924285889,
        5.538049221038818,
        5.345869541168213
    ]
}