{
    "accuracy": [
        0.09743589907884598,
        0.12820513546466827
    ],
    "loss": [
        0.13028141856193542,
        0.12792228162288666
    ],
    "val_accuracy": [
        0.3248000144958496,
        0.27000001072883606
    ],
    "val_loss": [
        0.12265554815530777,
        0.11995291709899902
    ]
}